name,email,phone,company,segment,total_spent,order_count,days_since_last_order,churned
Acme Corp,contact@acme.com,+1-555-0101,Acme Inc,enterprise,125000,48,12,0
Beta LLC,info@beta.com,+1-555-0102,Beta LLC,smb,8500,6,95,1
Gamma Systems,hello@gamma.com,+1-555-0103,Gamma Systems,enterprise,98000,35,8,0
Delta Shop,shop@delta.com,+1-555-0104,Delta Retail,smb,3200,3,120,1
Echo Tech,team@echo.com,+1-555-0105,Echo Tech,mid_market,42000,22,25,0
Fox Industries,ops@fox.com,+1-555-0106,Fox Industries,enterprise,156000,62,5,0
Green Foods,order@green.com,+1-555-0107,Green Foods,smb,2100,2,180,1
Helix Labs,lab@helix.com,+1-555-0108,Helix Labs,mid_market,38500,18,30,0
Iron Works,mail@iron.com,+1-555-0109,Iron Works,smb,5600,4,75,1
Jet Logistics,ship@jet.com,+1-555-0110,Jet Logistics,enterprise,210000,88,3,0
User 11,user11@example.com,9054324630,Helix Labs,smb,945,1,260,987
User 12,user12@example.com,9556606460,Acme Inc,enterprise,88,949,511,218
User 13,user13@example.com,9977498955,Delta Retail,mid_market,315,360,395,551
User 14,user14@example.com,9143834998,Iron Works,smb,715,965,484,940
User 15,user15@example.com,9201325230,Acme Inc,smb,208,864,310,747
User 16,user16@example.com,9477138444,Delta Retail,enterprise,781,141,144,175
User 17,user17@example.com,9304334875,Acme Inc,enterprise,104,788,670,813
User 18,user18@example.com,9896142597,Acme Inc,smb,475,155,333,897
User 19,user19@example.com,9871808555,Acme Inc,mid_market,508,880,633,363
User 20,user20@example.com,9405874310,Jet Logistics,mid_market,499,416,642,609
User 21,user21@example.com,9461815617,Echo Tech,smb,264,531,105,649
User 22,user22@example.com,9911810572,Gamma Systems,smb,169,757,120,500
User 23,user23@example.com,9304396087,Beta LLC,enterprise,741,963,320,46
User 24,user24@example.com,9024434632,Fox Industries,smb,139,100,865,899
User 25,user25@example.com,9334562579,Beta LLC,mid_market,923,868,6,411
User 26,user26@example.com,9594851815,Iron Works,mid_market,653,133,300,773
User 27,user27@example.com,9167461934,Echo Tech,enterprise,396,969,980,283
User 28,user28@example.com,9056507096,Gamma Systems,enterprise,190,112,725,83
User 29,user29@example.com,9238884611,Helix Labs,smb,191,479,222,397
User 30,user30@example.com,9611785283,Green Foods,mid_market,82,575,481,801
User 31,user31@example.com,9088325385,Beta LLC,enterprise,341,396,92,123
User 32,user32@example.com,9849127793,Acme Inc,smb,984,217,847,501
User 33,user33@example.com,9217030850,Fox Industries,enterprise,329,832,265,274
User 34,user34@example.com,9736686894,Fox Industries,smb,717,447,583,864
User 35,user35@example.com,9047531265,Delta Retail,enterprise,510,315,17,828
User 36,user36@example.com,9498612633,Echo Tech,smb,671,987,831,821
User 37,user37@example.com,9279007205,Fox Industries,mid_market,700,809,670,105
User 38,user38@example.com,9671223918,Fox Industries,mid_market,868,586,91,52
User 39,user39@example.com,9855472698,Green Foods,enterprise,372,647,363,170
User 40,user40@example.com,9077284592,Acme Inc,enterprise,330,870,570,76
User 41,user41@example.com,9524518249,Acme Inc,mid_market,19,262,329,16
User 42,user42@example.com,9894710848,Acme Inc,enterprise,443,487,788,61
User 43,user43@example.com,9684826368,Acme Inc,smb,537,924,419,985
User 44,user44@example.com,9116579081,Green Foods,smb,783,380,534,567
User 45,user45@example.com,9366246035,Iron Works,smb,49,742,678,638
User 46,user46@example.com,9798152771,Jet Logistics,mid_market,844,189,405,530
User 47,user47@example.com,9130956150,Delta Retail,mid_market,570,501,563,373
User 48,user48@example.com,9372509950,Delta Retail,enterprise,97,634,876,223
User 49,user49@example.com,9199257493,Iron Works,mid_market,464,284,616,685
User 50,user50@example.com,9554223372,Acme Inc,mid_market,839,82,263,856
User 51,user51@example.com,9228812426,Jet Logistics,mid_market,855,117,308,71
User 52,user52@example.com,9282376927,Gamma Systems,enterprise,288,91,336,19
User 53,user53@example.com,9340883392,Iron Works,mid_market,503,11,977,349
User 54,user54@example.com,9601137694,Echo Tech,smb,220,869,781,241
User 55,user55@example.com,9306947208,Jet Logistics,smb,39,11,994,3
User 56,user56@example.com,9493677939,Acme Inc,enterprise,550,745,694,357
User 57,user57@example.com,9638262346,Helix Labs,smb,985,226,910,59
User 58,user58@example.com,9318536313,Iron Works,enterprise,366,333,911,970
User 59,user59@example.com,9987281337,Beta LLC,mid_market,173,309,296,655
User 60,user60@example.com,9511728838,Helix Labs,smb,789,914,293,251
User 61,user61@example.com,9487096581,Gamma Systems,enterprise,644,813,635,195
User 62,user62@example.com,9381956395,Helix Labs,mid_market,294,470,684,493
User 63,user63@example.com,9927932067,Delta Retail,smb,720,477,194,482
User 64,user64@example.com,9000212046,Green Foods,smb,278,709,140,903
User 65,user65@example.com,9462040958,Jet Logistics,smb,331,804,175,156
User 66,user66@example.com,9165295500,Jet Logistics,smb,119,840,488,314
User 67,user67@example.com,9577097390,Helix Labs,mid_market,909,786,547,964
User 68,user68@example.com,9164209709,Delta Retail,enterprise,580,138,56,860
User 69,user69@example.com,9887645351,Iron Works,smb,562,853,670,343
User 70,user70@example.com,9854626688,Helix Labs,mid_market,559,337,910,153
User 71,user71@example.com,9328902395,Acme Inc,enterprise,858,912,35,433
User 72,user72@example.com,9176111703,Jet Logistics,enterprise,904,569,860,98
User 73,user73@example.com,9351303488,Acme Inc,mid_market,483,99,266,415
User 74,user74@example.com,9653262042,Beta LLC,mid_market,355,986,143,803
User 75,user75@example.com,9820232417,Beta LLC,smb,677,262,979,148
User 76,user76@example.com,9634648704,Delta Retail,smb,970,590,638,978
User 77,user77@example.com,9713355818,Fox Industries,mid_market,687,93,994,179
User 78,user78@example.com,9172482051,Gamma Systems,enterprise,775,138,962,474
User 79,user79@example.com,9957851051,Beta LLC,enterprise,641,410,268,513
User 80,user80@example.com,9920861350,Acme Inc,enterprise,735,970,934,590
User 81,user81@example.com,9210927665,Jet Logistics,enterprise,873,524,567,332
User 82,user82@example.com,9831391056,Acme Inc,smb,30,692,475,849
User 83,user83@example.com,9071196146,Delta Retail,mid_market,482,104,292,426
User 84,user84@example.com,9347644480,Delta Retail,mid_market,459,994,928,879
User 85,user85@example.com,9273179527,Jet Logistics,mid_market,765,620,80,189
User 86,user86@example.com,9061775155,Beta LLC,enterprise,881,432,232,95
User 87,user87@example.com,9949502673,Delta Retail,enterprise,455,128,673,817
User 88,user88@example.com,9937095531,Echo Tech,mid_market,399,960,838,76
User 89,user89@example.com,9875068195,Gamma Systems,enterprise,558,934,768,973
User 90,user90@example.com,9172253900,Gamma Systems,enterprise,272,169,546,826
User 91,user91@example.com,9990820997,Jet Logistics,smb,518,198,60,140
User 92,user92@example.com,9453700702,Green Foods,enterprise,923,840,239,656
User 93,user93@example.com,9797558943,Acme Inc,mid_market,751,23,493,936
User 94,user94@example.com,9042459997,Iron Works,mid_market,782,776,808,690
User 95,user95@example.com,9082352643,Gamma Systems,smb,457,557,521,344
User 96,user96@example.com,9414153897,Beta LLC,smb,587,401,56,934
User 97,user97@example.com,9479146039,Jet Logistics,smb,299,66,1,455
User 98,user98@example.com,9378350996,Echo Tech,smb,414,621,883,702
User 99,user99@example.com,9073100826,Helix Labs,mid_market,150,431,754,581
User 100,user100@example.com,9463575184,Iron Works,enterprise,260,440,358,759
User 101,user101@example.com,9914536255,Delta Retail,enterprise,229,695,465,873
User 102,user102@example.com,9556899589,Gamma Systems,enterprise,178,902,642,290
User 103,user103@example.com,9267539830,Fox Industries,mid_market,6,778,984,521
User 104,user104@example.com,9740986223,Helix Labs,mid_market,381,138,122,553
User 105,user105@example.com,9388187207,Gamma Systems,enterprise,816,493,462,127
User 106,user106@example.com,9079754913,Iron Works,mid_market,160,105,837,668
User 107,user107@example.com,9217832972,Echo Tech,mid_market,103,714,173,728
User 108,user108@example.com,9589460322,Jet Logistics,enterprise,332,912,618,279
User 109,user109@example.com,9632714624,Fox Industries,enterprise,1,234,500,479
User 110,user110@example.com,9675882580,Fox Industries,smb,454,283,448,492
User 111,user111@example.com,9879520161,Helix Labs,enterprise,251,655,983,233
User 112,user112@example.com,9035482606,Fox Industries,enterprise,75,583,9,375
User 113,user113@example.com,9622321291,Beta LLC,smb,370,428,776,672
User 114,user114@example.com,9903886931,Delta Retail,smb,6,398,663,611
User 115,user115@example.com,9340399474,Echo Tech,smb,738,48,901,360
User 116,user116@example.com,9630526405,Fox Industries,smb,791,274,628,787
User 117,user117@example.com,9401712431,Acme Inc,enterprise,933,105,422,936
User 118,user118@example.com,9802023828,Helix Labs,mid_market,241,363,171,716
User 119,user119@example.com,9395143081,Acme Inc,smb,444,924,249,409
User 120,user120@example.com,9387082139,Helix Labs,enterprise,741,644,321,40
User 121,user121@example.com,9591729567,Delta Retail,enterprise,538,462,147,586
User 122,user122@example.com,9312618134,Fox Industries,enterprise,672,468,563,168
User 123,user123@example.com,9246989481,Jet Logistics,smb,831,148,975,702
User 124,user124@example.com,9399245544,Acme Inc,enterprise,777,243,432,161
User 125,user125@example.com,9381436338,Delta Retail,enterprise,113,680,597,673
User 126,user126@example.com,9167851843,Acme Inc,enterprise,588,400,832,135
User 127,user127@example.com,9865124978,Beta LLC,smb,306,565,52,269
User 128,user128@example.com,9756372425,Gamma Systems,enterprise,625,973,18,289
User 129,user129@example.com,9599898477,Fox Industries,mid_market,770,939,372,666
User 130,user130@example.com,9923582146,Green Foods,smb,954,376,576,688
User 131,user131@example.com,9229955032,Iron Works,enterprise,824,169,358,543
User 132,user132@example.com,9370721631,Acme Inc,enterprise,821,660,163,973
User 133,user133@example.com,9262619611,Green Foods,mid_market,161,967,411,901
User 134,user134@example.com,9459141551,Echo Tech,smb,109,300,500,304
User 135,user135@example.com,9975732052,Fox Industries,enterprise,261,955,985,485
User 136,user136@example.com,9516348864,Jet Logistics,smb,215,410,108,944
User 137,user137@example.com,9111066651,Delta Retail,mid_market,606,571,531,25
User 138,user138@example.com,9635605779,Iron Works,smb,701,120,620,687
User 139,user139@example.com,9723188678,Green Foods,mid_market,590,123,85,117
User 140,user140@example.com,9657417518,Delta Retail,mid_market,641,395,362,942
User 141,user141@example.com,9319000696,Gamma Systems,mid_market,126,636,759,522
User 142,user142@example.com,9260278051,Iron Works,smb,416,858,480,145
User 143,user143@example.com,9903698188,Echo Tech,enterprise,157,840,346,615
User 144,user144@example.com,9773470846,Green Foods,mid_market,398,45,579,237
User 145,user145@example.com,9335743432,Fox Industries,enterprise,648,137,643,148
User 146,user146@example.com,9157833602,Jet Logistics,mid_market,102,443,946,735
User 147,user147@example.com,9910813514,Green Foods,enterprise,910,222,739,144
User 148,user148@example.com,9932441589,Helix Labs,enterprise,521,123,833,619
User 149,user149@example.com,9788007681,Helix Labs,enterprise,69,173,603,42
User 150,user150@example.com,9837424134,Jet Logistics,smb,434,945,374,99
User 151,user151@example.com,9660872792,Echo Tech,mid_market,930,504,84,680
User 152,user152@example.com,9570404427,Jet Logistics,mid_market,231,654,719,473
User 153,user153@example.com,9209533745,Jet Logistics,enterprise,470,25,455,463
User 154,user154@example.com,9543999091,Gamma Systems,smb,495,312,153,986
User 155,user155@example.com,9838026286,Beta LLC,smb,482,706,497,865
User 156,user156@example.com,9231001754,Fox Industries,enterprise,481,818,838,837
User 157,user157@example.com,9164490316,Jet Logistics,mid_market,621,339,492,703
User 158,user158@example.com,9353266067,Jet Logistics,enterprise,44,350,111,295
User 159,user159@example.com,9295488963,Helix Labs,mid_market,850,458,525,530
User 160,user160@example.com,9855312259,Beta LLC,enterprise,104,929,195,159
User 161,user161@example.com,9997552900,Helix Labs,enterprise,7,926,318,768
User 162,user162@example.com,9828026875,Iron Works,enterprise,105,824,618,917
User 163,user163@example.com,9870126217,Iron Works,smb,443,481,357,46
User 164,user164@example.com,9779517560,Gamma Systems,enterprise,492,858,686,34
User 165,user165@example.com,9646418903,Echo Tech,enterprise,914,654,430,631
User 166,user166@example.com,9056331194,Fox Industries,smb,130,440,408,196
User 167,user167@example.com,9851191279,Acme Inc,mid_market,261,765,970,16
User 168,user168@example.com,9699138828,Beta LLC,mid_market,462,201,689,438
User 169,user169@example.com,9679037518,Gamma Systems,enterprise,82,532,548,166
User 170,user170@example.com,9503064383,Gamma Systems,enterprise,781,541,202,108
User 171,user171@example.com,9277331228,Fox Industries,mid_market,317,146,764,279
User 172,user172@example.com,9418683362,Echo Tech,smb,776,166,753,717
User 173,user173@example.com,9445092961,Beta LLC,smb,355,418,838,926
User 174,user174@example.com,9939913024,Gamma Systems,mid_market,788,281,36,407
User 175,user175@example.com,9156528447,Echo Tech,enterprise,811,267,107,362
User 176,user176@example.com,9425500990,Jet Logistics,enterprise,901,213,238,580
User 177,user177@example.com,9423546356,Delta Retail,mid_market,782,799,556,646
User 178,user178@example.com,9685611137,Helix Labs,mid_market,380,492,672,158
User 179,user179@example.com,9391931699,Acme Inc,mid_market,735,427,197,213
User 180,user180@example.com,9202241890,Green Foods,enterprise,117,241,495,982
User 181,user181@example.com,9201959634,Acme Inc,smb,592,626,438,104
User 182,user182@example.com,9145707034,Iron Works,enterprise,626,787,384,211
User 183,user183@example.com,9368456510,Fox Industries,mid_market,290,929,366,154
User 184,user184@example.com,9329373168,Iron Works,smb,405,60,162,612
User 185,user185@example.com,9445125645,Gamma Systems,enterprise,88,196,378,934
User 186,user186@example.com,9762489938,Gamma Systems,enterprise,770,789,358,809
User 187,user187@example.com,9694609339,Green Foods,enterprise,395,172,197,938
User 188,user188@example.com,9496490496,Green Foods,enterprise,550,371,223,997
User 189,user189@example.com,9438235376,Jet Logistics,smb,430,957,327,883
User 190,user190@example.com,9939847318,Fox Industries,smb,618,297,393,941
User 191,user191@example.com,9569024219,Beta LLC,enterprise,719,945,937,68
User 192,user192@example.com,9087644914,Delta Retail,enterprise,62,182,746,450
User 193,user193@example.com,9893278270,Beta LLC,smb,504,525,461,132
User 194,user194@example.com,9497778370,Green Foods,enterprise,711,47,648,282
User 195,user195@example.com,9819883027,Fox Industries,enterprise,323,832,476,473
User 196,user196@example.com,9968888440,Jet Logistics,smb,576,898,321,116
User 197,user197@example.com,9257474396,Green Foods,enterprise,85,127,831,307
User 198,user198@example.com,9716914164,Gamma Systems,smb,69,907,703,561
User 199,user199@example.com,9612711849,Green Foods,enterprise,846,890,460,525
User 200,user200@example.com,9885887461,Fox Industries,enterprise,523,388,236,789
User 201,user201@example.com,9294219104,Echo Tech,mid_market,480,159,377,787
User 202,user202@example.com,9071752104,Green Foods,smb,476,200,121,961
User 203,user203@example.com,9859620103,Jet Logistics,mid_market,517,992,438,709
User 204,user204@example.com,9401699697,Fox Industries,smb,267,9,327,600
User 205,user205@example.com,9898546473,Echo Tech,smb,703,645,27,217
User 206,user206@example.com,9813699574,Delta Retail,enterprise,606,382,235,746
User 207,user207@example.com,9904225422,Beta LLC,enterprise,158,930,86,296
User 208,user208@example.com,9755985419,Iron Works,smb,792,910,209,152
User 209,user209@example.com,9517727100,Acme Inc,enterprise,564,742,128,814
User 210,user210@example.com,9101951786,Delta Retail,enterprise,957,276,283,110
User 211,user211@example.com,9266482744,Iron Works,smb,193,112,197,9
User 212,user212@example.com,9562552581,Helix Labs,mid_market,398,102,576,235
User 213,user213@example.com,9467320930,Echo Tech,mid_market,693,172,873,80
User 214,user214@example.com,9082335060,Green Foods,smb,121,189,38,2
User 215,user215@example.com,9503353522,Echo Tech,mid_market,176,274,958,698
User 216,user216@example.com,9032802059,Delta Retail,mid_market,457,328,276,210
User 217,user217@example.com,9797962964,Acme Inc,smb,283,433,749,466
User 218,user218@example.com,9052171598,Beta LLC,enterprise,614,976,569,859
User 219,user219@example.com,9402044913,Acme Inc,smb,857,978,209,189
User 220,user220@example.com,9735796034,Fox Industries,enterprise,464,536,34,485
User 221,user221@example.com,9858815794,Helix Labs,mid_market,778,736,4,856
User 222,user222@example.com,9447911026,Echo Tech,smb,410,160,16,683
User 223,user223@example.com,9373827508,Echo Tech,enterprise,498,313,611,185
User 224,user224@example.com,9376610357,Green Foods,mid_market,205,194,675,131
User 225,user225@example.com,9529242733,Beta LLC,mid_market,679,443,978,751
User 226,user226@example.com,9209836642,Jet Logistics,smb,152,441,24,389
User 227,user227@example.com,9180179092,Echo Tech,smb,672,721,873,643
User 228,user228@example.com,9160912299,Echo Tech,mid_market,191,852,596,346
User 229,user229@example.com,9017053731,Helix Labs,enterprise,826,85,98,712
User 230,user230@example.com,9101980548,Jet Logistics,enterprise,682,870,596,604
User 231,user231@example.com,9431072608,Beta LLC,enterprise,880,105,520,269
User 232,user232@example.com,9854505180,Acme Inc,smb,885,780,714,61
User 233,user233@example.com,9011104765,Helix Labs,smb,462,269,971,282
User 234,user234@example.com,9782702598,Beta LLC,enterprise,866,407,527,782
User 235,user235@example.com,9786507647,Fox Industries,enterprise,443,942,690,730
User 236,user236@example.com,9995041031,Jet Logistics,mid_market,157,173,77,1
User 237,user237@example.com,9781651884,Green Foods,smb,394,828,359,739
User 238,user238@example.com,9484855359,Jet Logistics,mid_market,258,622,406,115
User 239,user239@example.com,9581718462,Delta Retail,mid_market,169,663,525,189
User 240,user240@example.com,9719159431,Echo Tech,smb,226,583,274,123
User 241,user241@example.com,9562727247,Acme Inc,smb,606,133,12,287
User 242,user242@example.com,9817105731,Helix Labs,mid_market,319,843,56,956
User 243,user243@example.com,9016950739,Echo Tech,smb,843,339,809,1000
User 244,user244@example.com,9625322878,Jet Logistics,mid_market,984,382,167,579
User 245,user245@example.com,9213356164,Delta Retail,enterprise,786,213,179,138
User 246,user246@example.com,9601747917,Echo Tech,smb,879,422,431,246
User 247,user247@example.com,9939529883,Beta LLC,smb,620,932,964,233
User 248,user248@example.com,9658489703,Jet Logistics,enterprise,288,879,372,540
User 249,user249@example.com,9175419370,Fox Industries,smb,549,900,163,129
User 250,user250@example.com,9697945300,Gamma Systems,enterprise,894,442,884,347
User 251,user251@example.com,9227264794,Helix Labs,enterprise,603,963,863,517
User 252,user252@example.com,9225106401,Delta Retail,smb,924,572,365,88
User 253,user253@example.com,9036133801,Delta Retail,mid_market,679,164,717,119
User 254,user254@example.com,9454124220,Delta Retail,enterprise,929,628,179,435
User 255,user255@example.com,9012861579,Acme Inc,mid_market,446,517,396,819
User 256,user256@example.com,9462051569,Green Foods,smb,793,802,294,177
User 257,user257@example.com,9413712202,Acme Inc,enterprise,160,647,207,6
User 258,user258@example.com,9135906091,Green Foods,mid_market,547,34,135,305
User 259,user259@example.com,9450491990,Green Foods,smb,881,364,966,101
User 260,user260@example.com,9698484972,Helix Labs,enterprise,598,356,664,5
User 261,user261@example.com,9850230273,Echo Tech,mid_market,227,559,532,688
User 262,user262@example.com,9554576844,Delta Retail,enterprise,537,627,439,886
User 263,user263@example.com,9556817983,Fox Industries,mid_market,608,110,830,405
User 264,user264@example.com,9561071587,Gamma Systems,enterprise,615,848,586,931
User 265,user265@example.com,9412945125,Acme Inc,smb,53,540,464,256
User 266,user266@example.com,9036524341,Acme Inc,smb,862,925,44,125
User 267,user267@example.com,9504639707,Acme Inc,mid_market,397,836,147,588
User 268,user268@example.com,9350473085,Acme Inc,smb,183,317,122,536
User 269,user269@example.com,9736498866,Fox Industries,smb,151,808,909,569
User 270,user270@example.com,9508425741,Delta Retail,smb,996,831,638,382
User 271,user271@example.com,9112973435,Green Foods,enterprise,823,386,931,628
User 272,user272@example.com,9216924761,Green Foods,mid_market,903,296,90,78
User 273,user273@example.com,9325943367,Delta Retail,enterprise,690,206,426,66
User 274,user274@example.com,9312913573,Helix Labs,mid_market,960,965,593,87
User 275,user275@example.com,9040228881,Jet Logistics,smb,511,185,402,160
User 276,user276@example.com,9775486635,Gamma Systems,smb,945,350,212,167
User 277,user277@example.com,9408367289,Fox Industries,mid_market,761,152,733,775
User 278,user278@example.com,9531220682,Beta LLC,mid_market,850,882,288,839
User 279,user279@example.com,9157348754,Echo Tech,enterprise,410,648,691,739
User 280,user280@example.com,9300408197,Beta LLC,smb,715,243,497,333
User 281,user281@example.com,9837790945,Acme Inc,enterprise,387,457,507,117
User 282,user282@example.com,9819077690,Iron Works,mid_market,593,323,652,211
User 283,user283@example.com,9424794987,Delta Retail,smb,80,927,513,190
User 284,user284@example.com,9602397556,Beta LLC,smb,68,435,901,665
User 285,user285@example.com,9922657755,Green Foods,mid_market,548,82,767,426
User 286,user286@example.com,9516321712,Acme Inc,enterprise,394,870,689,247
User 287,user287@example.com,9813328967,Green Foods,smb,862,329,131,301
User 288,user288@example.com,9717938889,Fox Industries,mid_market,528,760,502,700
User 289,user289@example.com,9812165594,Fox Industries,smb,767,350,436,490
User 290,user290@example.com,9190636417,Delta Retail,mid_market,514,274,62,551
User 291,user291@example.com,9071167161,Green Foods,enterprise,281,665,875,900
User 292,user292@example.com,9963197229,Acme Inc,smb,918,129,808,470
User 293,user293@example.com,9301306201,Iron Works,enterprise,374,534,402,936
User 294,user294@example.com,9935773891,Echo Tech,smb,611,21,881,107
User 295,user295@example.com,9959490791,Gamma Systems,mid_market,528,806,986,757
User 296,user296@example.com,9877541522,Beta LLC,smb,109,649,510,434
User 297,user297@example.com,9604474450,Gamma Systems,smb,314,502,181,798
User 298,user298@example.com,9373641746,Green Foods,smb,552,790,125,41
User 299,user299@example.com,9721297843,Echo Tech,enterprise,96,658,756,13
User 300,user300@example.com,9319876104,Acme Inc,smb,751,871,711,915
User 301,user301@example.com,9315225964,Green Foods,enterprise,141,98,472,754
User 302,user302@example.com,9092099790,Fox Industries,smb,918,68,674,461
User 303,user303@example.com,9628981329,Echo Tech,enterprise,963,486,393,321
User 304,user304@example.com,9096455290,Delta Retail,mid_market,319,334,593,322
User 305,user305@example.com,9180619898,Fox Industries,smb,139,539,645,970
User 306,user306@example.com,9897738865,Iron Works,enterprise,584,244,872,855
User 307,user307@example.com,9559454441,Green Foods,mid_market,420,399,817,622
User 308,user308@example.com,9273457947,Gamma Systems,mid_market,795,849,861,77
User 309,user309@example.com,9479787362,Gamma Systems,mid_market,829,953,825,409
User 310,user310@example.com,9155020242,Gamma Systems,smb,744,906,22,837
User 311,user311@example.com,9219379194,Helix Labs,enterprise,46,341,47,419
User 312,user312@example.com,9344077234,Iron Works,smb,584,324,905,375
User 313,user313@example.com,9751073308,Green Foods,smb,696,396,694,805
User 314,user314@example.com,9474547021,Acme Inc,smb,659,96,853,393
User 315,user315@example.com,9566479369,Helix Labs,smb,240,228,932,324
User 316,user316@example.com,9589316795,Jet Logistics,enterprise,192,921,756,758
User 317,user317@example.com,9290899026,Green Foods,smb,460,869,387,871
User 318,user318@example.com,9724085407,Helix Labs,mid_market,980,900,735,39
User 319,user319@example.com,9208419390,Jet Logistics,enterprise,745,993,943,679
User 320,user320@example.com,9109332073,Green Foods,smb,988,895,278,840
User 321,user321@example.com,9949377769,Jet Logistics,smb,296,923,115,559
User 322,user322@example.com,9617490192,Green Foods,smb,263,355,566,899
User 323,user323@example.com,9490384297,Jet Logistics,smb,301,283,179,513
User 324,user324@example.com,9793585314,Echo Tech,smb,289,505,304,509
User 325,user325@example.com,9422023306,Helix Labs,enterprise,302,10,37,902
User 326,user326@example.com,9622895204,Delta Retail,smb,952,738,743,833
User 327,user327@example.com,9626774476,Echo Tech,smb,221,298,201,384
User 328,user328@example.com,9124682107,Iron Works,smb,35,849,791,256
User 329,user329@example.com,9638602981,Delta Retail,smb,937,873,994,950
User 330,user330@example.com,9539022948,Beta LLC,mid_market,428,644,944,770
User 331,user331@example.com,9977148464,Delta Retail,smb,459,75,265,428
User 332,user332@example.com,9728452710,Acme Inc,smb,308,691,812,100
User 333,user333@example.com,9717042003,Acme Inc,enterprise,444,394,690,4
User 334,user334@example.com,9356419524,Delta Retail,enterprise,892,979,880,291
User 335,user335@example.com,9126706973,Helix Labs,enterprise,121,569,708,359
User 336,user336@example.com,9088328269,Delta Retail,mid_market,791,767,377,447
User 337,user337@example.com,9263877907,Iron Works,enterprise,336,446,416,529
User 338,user338@example.com,9810546403,Helix Labs,enterprise,538,862,319,710
User 339,user339@example.com,9706884637,Echo Tech,enterprise,779,540,8,840
User 340,user340@example.com,9463841589,Jet Logistics,smb,137,5,448,664
User 341,user341@example.com,9595128549,Iron Works,mid_market,458,501,476,574
User 342,user342@example.com,9233862658,Jet Logistics,mid_market,64,930,58,848
User 343,user343@example.com,9988042842,Fox Industries,smb,551,660,612,634
User 344,user344@example.com,9623473996,Helix Labs,enterprise,926,305,813,469
User 345,user345@example.com,9755126393,Fox Industries,enterprise,536,586,38,129
User 346,user346@example.com,9130524585,Iron Works,enterprise,592,257,400,719
User 347,user347@example.com,9267217844,Iron Works,enterprise,335,475,548,807
User 348,user348@example.com,9589916351,Gamma Systems,mid_market,595,961,543,965
User 349,user349@example.com,9207513258,Iron Works,smb,567,179,216,217
User 350,user350@example.com,9013542285,Helix Labs,smb,330,387,828,993
User 351,user351@example.com,9678915610,Helix Labs,mid_market,12,122,245,426
User 352,user352@example.com,9540780659,Green Foods,mid_market,506,802,75,613
User 353,user353@example.com,9984081591,Iron Works,mid_market,739,708,414,157
User 354,user354@example.com,9111889524,Jet Logistics,mid_market,346,522,397,42
User 355,user355@example.com,9754721105,Helix Labs,mid_market,92,808,571,203
User 356,user356@example.com,9797566299,Helix Labs,smb,249,782,842,857
User 357,user357@example.com,9658160169,Jet Logistics,mid_market,287,69,736,223
User 358,user358@example.com,9227809732,Gamma Systems,smb,875,173,691,334
User 359,user359@example.com,9643417762,Helix Labs,smb,365,724,255,680
User 360,user360@example.com,9076635320,Acme Inc,enterprise,12,664,328,316
User 361,user361@example.com,9847344977,Delta Retail,smb,626,336,365,398
User 362,user362@example.com,9428884822,Fox Industries,enterprise,18,784,938,195
User 363,user363@example.com,9925263619,Iron Works,mid_market,215,283,353,745
User 364,user364@example.com,9338773831,Acme Inc,enterprise,625,181,459,405
User 365,user365@example.com,9259781765,Fox Industries,smb,228,869,367,652
User 366,user366@example.com,9576806286,Echo Tech,smb,853,611,315,33
User 367,user367@example.com,9140539738,Gamma Systems,mid_market,376,950,817,129
User 368,user368@example.com,9650489017,Fox Industries,mid_market,840,839,380,587
User 369,user369@example.com,9651989564,Acme Inc,mid_market,216,270,107,995
User 370,user370@example.com,9218580728,Fox Industries,mid_market,11,198,558,471
User 371,user371@example.com,9090628799,Iron Works,mid_market,789,691,761,719
User 372,user372@example.com,9900765873,Gamma Systems,enterprise,676,836,497,132
User 373,user373@example.com,9275359054,Green Foods,smb,807,472,780,372
User 374,user374@example.com,9715437444,Gamma Systems,enterprise,947,700,945,798
User 375,user375@example.com,9406225863,Gamma Systems,smb,17,111,647,319
User 376,user376@example.com,9603909333,Delta Retail,smb,895,810,666,404
User 377,user377@example.com,9672211097,Iron Works,mid_market,96,937,195,388
User 378,user378@example.com,9848940639,Beta LLC,smb,101,338,282,400
User 379,user379@example.com,9088402722,Green Foods,enterprise,953,887,255,665
User 380,user380@example.com,9966850947,Beta LLC,enterprise,798,370,628,381
User 381,user381@example.com,9738248546,Jet Logistics,enterprise,647,883,696,268
User 382,user382@example.com,9719509737,Jet Logistics,mid_market,12,936,642,956
User 383,user383@example.com,9621629123,Echo Tech,enterprise,853,539,26,357
User 384,user384@example.com,9025335141,Helix Labs,smb,97,470,23,899
User 385,user385@example.com,9906325521,Echo Tech,mid_market,157,331,283,564
User 386,user386@example.com,9000366984,Beta LLC,smb,546,258,489,113
User 387,user387@example.com,9043559464,Green Foods,mid_market,957,555,559,449
User 388,user388@example.com,9879267100,Jet Logistics,enterprise,933,59,364,158
User 389,user389@example.com,9194061068,Beta LLC,enterprise,948,209,281,730
User 390,user390@example.com,9946850536,Jet Logistics,smb,226,958,254,999
User 391,user391@example.com,9016495218,Iron Works,mid_market,148,185,339,685
User 392,user392@example.com,9931123318,Iron Works,mid_market,78,734,996,45
User 393,user393@example.com,9372734005,Delta Retail,enterprise,829,41,848,466
User 394,user394@example.com,9753203351,Beta LLC,mid_market,77,388,963,468
User 395,user395@example.com,9590239612,Helix Labs,enterprise,604,323,278,333
User 396,user396@example.com,9923267849,Fox Industries,enterprise,594,133,555,761
User 397,user397@example.com,9782819723,Fox Industries,smb,94,821,889,471
User 398,user398@example.com,9260969417,Acme Inc,mid_market,1000,311,696,794
User 399,user399@example.com,9338216312,Delta Retail,smb,881,362,617,961
User 400,user400@example.com,9335226342,Gamma Systems,smb,227,1000,800,766
User 401,user401@example.com,9987723958,Helix Labs,mid_market,923,667,46,418
User 402,user402@example.com,9541204385,Iron Works,enterprise,540,214,573,764
User 403,user403@example.com,9063582056,Fox Industries,mid_market,931,991,640,854
User 404,user404@example.com,9437134398,Jet Logistics,smb,384,722,9,340
User 405,user405@example.com,9249173772,Acme Inc,enterprise,479,26,227,415
User 406,user406@example.com,9895156142,Jet Logistics,smb,855,276,851,784
User 407,user407@example.com,9424270518,Iron Works,mid_market,860,20,122,975
User 408,user408@example.com,9655687455,Jet Logistics,mid_market,42,476,333,629
User 409,user409@example.com,9285272423,Delta Retail,mid_market,950,510,404,807
User 410,user410@example.com,9328991046,Jet Logistics,enterprise,481,479,423,916
User 411,user411@example.com,9715505077,Jet Logistics,mid_market,85,413,143,336
User 412,user412@example.com,9888807022,Fox Industries,mid_market,190,816,412,364
User 413,user413@example.com,9132969587,Iron Works,mid_market,207,411,621,903
User 414,user414@example.com,9924524128,Acme Inc,mid_market,98,514,374,628
User 415,user415@example.com,9765412565,Beta LLC,mid_market,707,210,428,771
User 416,user416@example.com,9021680323,Echo Tech,mid_market,175,62,358,18
User 417,user417@example.com,9374303898,Fox Industries,enterprise,400,106,243,827
User 418,user418@example.com,9135231946,Acme Inc,enterprise,422,429,908,765
User 419,user419@example.com,9058106385,Acme Inc,enterprise,281,996,231,216
User 420,user420@example.com,9945257909,Green Foods,smb,879,73,255,663
User 421,user421@example.com,9682085307,Fox Industries,enterprise,69,65,84,379
User 422,user422@example.com,9869451313,Green Foods,enterprise,411,455,248,660
User 423,user423@example.com,9444671623,Acme Inc,enterprise,926,203,407,638
User 424,user424@example.com,9710720130,Fox Industries,smb,1000,326,303,939
User 425,user425@example.com,9349930505,Helix Labs,smb,187,735,951,668
User 426,user426@example.com,9104553887,Green Foods,mid_market,127,963,179,720
User 427,user427@example.com,9695380035,Gamma Systems,smb,467,344,159,107
User 428,user428@example.com,9672458894,Green Foods,smb,137,28,883,942
User 429,user429@example.com,9498113066,Fox Industries,smb,803,80,799,436
User 430,user430@example.com,9143672094,Iron Works,mid_market,541,420,45,11
User 431,user431@example.com,9139995175,Beta LLC,mid_market,930,154,843,2
User 432,user432@example.com,9582311717,Gamma Systems,enterprise,704,64,334,178
User 433,user433@example.com,9492234005,Iron Works,mid_market,62,521,784,919
User 434,user434@example.com,9733402898,Gamma Systems,smb,720,744,294,617
User 435,user435@example.com,9110905166,Iron Works,enterprise,140,770,801,577
User 436,user436@example.com,9248472178,Green Foods,enterprise,721,10,654,806
User 437,user437@example.com,9102445958,Iron Works,enterprise,212,881,135,493
User 438,user438@example.com,9325667939,Fox Industries,smb,249,969,266,397
User 439,user439@example.com,9841803129,Helix Labs,mid_market,10,822,390,732
User 440,user440@example.com,9501272717,Green Foods,mid_market,865,766,945,871
User 441,user441@example.com,9848514024,Iron Works,smb,300,380,449,497
User 442,user442@example.com,9688814189,Iron Works,enterprise,233,388,680,616
User 443,user443@example.com,9465031807,Helix Labs,smb,789,465,18,868
User 444,user444@example.com,9204632044,Echo Tech,enterprise,191,183,467,905
User 445,user445@example.com,9003169109,Echo Tech,mid_market,67,595,232,792
User 446,user446@example.com,9785323069,Fox Industries,mid_market,574,806,790,287
User 447,user447@example.com,9983299378,Delta Retail,smb,197,904,525,876
User 448,user448@example.com,9164687312,Green Foods,enterprise,900,432,768,576
User 449,user449@example.com,9396123574,Acme Inc,enterprise,182,52,121,575
User 450,user450@example.com,9418134193,Beta LLC,smb,57,562,883,321
User 451,user451@example.com,9671478508,Acme Inc,mid_market,195,635,501,720
User 452,user452@example.com,9976594845,Iron Works,smb,388,164,291,625
User 453,user453@example.com,9942342406,Echo Tech,enterprise,576,980,82,852
User 454,user454@example.com,9725131756,Fox Industries,enterprise,710,619,596,515
User 455,user455@example.com,9590535679,Green Foods,smb,70,7,787,466
User 456,user456@example.com,9482154788,Fox Industries,mid_market,787,965,771,956
User 457,user457@example.com,9605969898,Beta LLC,mid_market,919,903,493,314
User 458,user458@example.com,9963326008,Iron Works,smb,859,660,100,277
User 459,user459@example.com,9817608131,Beta LLC,mid_market,707,995,304,405
User 460,user460@example.com,9378970649,Delta Retail,mid_market,28,377,169,778
User 461,user461@example.com,9748277790,Delta Retail,smb,324,110,213,48
User 462,user462@example.com,9426085949,Delta Retail,smb,532,178,763,351
User 463,user463@example.com,9493677558,Beta LLC,mid_market,235,229,655,572
User 464,user464@example.com,9538838029,Jet Logistics,mid_market,508,268,1,874
User 465,user465@example.com,9125469319,Green Foods,smb,391,850,424,185
User 466,user466@example.com,9624759734,Beta LLC,mid_market,321,862,999,447
User 467,user467@example.com,9807771331,Acme Inc,mid_market,732,231,195,573
User 468,user468@example.com,9035308313,Acme Inc,mid_market,862,752,439,294
User 469,user469@example.com,9104202217,Delta Retail,mid_market,492,981,682,448
User 470,user470@example.com,9430812732,Green Foods,mid_market,205,227,174,353
User 471,user471@example.com,9057723407,Beta LLC,smb,427,104,904,265
User 472,user472@example.com,9291927967,Helix Labs,smb,39,456,666,497
User 473,user473@example.com,9104427096,Iron Works,smb,843,776,55,173
User 474,user474@example.com,9964990318,Echo Tech,mid_market,211,836,311,710
User 475,user475@example.com,9517292868,Gamma Systems,mid_market,798,288,185,504
User 476,user476@example.com,9448906921,Beta LLC,mid_market,292,463,280,958
User 477,user477@example.com,9305049953,Delta Retail,smb,157,631,820,786
User 478,user478@example.com,9166907916,Echo Tech,enterprise,902,407,396,981
User 479,user479@example.com,9717277183,Gamma Systems,enterprise,195,830,600,279
User 480,user480@example.com,9612803273,Green Foods,enterprise,989,637,517,785
User 481,user481@example.com,9940460529,Delta Retail,mid_market,184,460,505,283
User 482,user482@example.com,9766657955,Iron Works,mid_market,198,836,7,288
User 483,user483@example.com,9357503090,Jet Logistics,smb,666,368,416,400
User 484,user484@example.com,9123182546,Echo Tech,mid_market,77,491,727,128
User 485,user485@example.com,9898029528,Beta LLC,smb,754,474,670,987
User 486,user486@example.com,9706359185,Gamma Systems,enterprise,607,271,256,920
User 487,user487@example.com,9766132684,Acme Inc,mid_market,860,274,949,299
User 488,user488@example.com,9073246265,Beta LLC,enterprise,541,312,161,232
User 489,user489@example.com,9023612493,Acme Inc,smb,145,821,948,138
User 490,user490@example.com,9895509192,Green Foods,enterprise,561,329,275,664
User 491,user491@example.com,9604351680,Beta LLC,enterprise,871,471,931,743
User 492,user492@example.com,9622657020,Iron Works,enterprise,361,674,433,246
User 493,user493@example.com,9447733733,Iron Works,enterprise,293,613,361,360
User 494,user494@example.com,9093701727,Helix Labs,mid_market,270,934,309,802
User 495,user495@example.com,9795999520,Jet Logistics,mid_market,831,187,203,20
User 496,user496@example.com,9970831678,Green Foods,smb,517,318,584,153
User 497,user497@example.com,9942795550,Green Foods,smb,547,945,104,772
User 498,user498@example.com,9332611067,Gamma Systems,smb,827,224,548,595
User 499,user499@example.com,9807621025,Iron Works,enterprise,836,318,350,100
User 500,user500@example.com,9650758257,Jet Logistics,mid_market,83,646,310,840
User 501,user501@example.com,9348855233,Jet Logistics,mid_market,83,561,270,288
User 502,user502@example.com,9670676059,Jet Logistics,mid_market,114,823,126,661
User 503,user503@example.com,9586689839,Green Foods,smb,860,83,247,951
User 504,user504@example.com,9535415317,Jet Logistics,mid_market,479,945,980,234
User 505,user505@example.com,9574220138,Beta LLC,mid_market,938,58,999,459
User 506,user506@example.com,9741560469,Gamma Systems,enterprise,494,755,456,264
User 507,user507@example.com,9700868011,Iron Works,smb,620,105,179,894
User 508,user508@example.com,9639088240,Delta Retail,smb,267,312,433,517
User 509,user509@example.com,9150869868,Delta Retail,smb,782,515,484,913
User 510,user510@example.com,9585333758,Jet Logistics,mid_market,380,128,220,787
