employee_id,name,department,role,hire_date,salary,performance_score
EMP-001,Alice Johnson,Engineering,Developer,2022-03-15,85000,4.5
EMP-002,Bob Smith,Sales,Sales Rep,2021-06-01,62000,4.2
EMP-003,Carol White,Marketing,Manager,2020-01-10,95000,4.8
EMP-004,Dan Brown,Finance,Analyst,2023-02-20,72000,4.0
EMP-005,Eve Davis,HR,Coordinator,2022-08-05,58000,4.3
EMP-006,Frank Miller,Engineering,Senior Dev,2019-11-12,110000,4.9
EMP-007,Grace Lee,Sales,Manager,2018-04-22,98000,4.6
EMP-008,Henry Wilson,Support,Agent,2023-07-01,48000,3.8
EMP-009,Ivy Chen,Analytics,Data Analyst,2022-01-18,78000,4.4
EMP-010,Jack Taylor,Operations,Manager,2017-09-30,102000,4.7
EMP-011,Karan Chauhan,Analytics,Agent,2023-11-27,54000,4.3
EMP-012,Varun Reddy,Sales,Senior Dev,2027-05-06,63000,4.7
EMP-013,Pooja Gupta,HR,Manager,2025-06-17,117000,3.1
EMP-014,Pooja Malhotra,Marketing,Senior Dev,2027-06-04,136000,3.3
EMP-015,Aarav Chauhan,HR,Developer,2025-11-15,69000,3.1
EMP-016,Sai Mishra,Sales,Analyst,2027-01-21,107000,3.2
EMP-017,Pooja Joshi,Support,Analyst,2025-03-19,113000,4.1
EMP-018,Priya Saxena,Engineering,Data Analyst,2025-09-05,122000,4.4
EMP-019,Kavya Tyagi,Marketing,Agent,2023-09-18,104000,4.7
EMP-020,Sneha Singh,Sales,Agent,2024-10-29,63000,4.0
EMP-021,Krishna Chauhan,Engineering,Data Analyst,2025-11-02,101000,4.1
EMP-022,Rahul Malhotra,Support,Coordinator,2026-07-14,111000,3.9
EMP-023,Riya Chauhan,Support,Coordinator,2026-01-21,66000,3.1
EMP-024,Krishna Gupta,Engineering,Analyst,2023-12-10,58000,3.4
EMP-025,Deepak Saxena,Sales,Sales Rep,2027-02-06,100000,3.7
EMP-026,Naina Saxena,Analytics,Data Analyst,2026-07-29,58000,4.6
EMP-027,Aditya Malhotra,Operations,Analyst,2026-02-18,130000,4.6
EMP-028,Nikhil Reddy,Engineering,Agent,2024-08-15,110000,4.2
EMP-029,Rohan Kumar,Support,Agent,2025-08-24,64000,4.9
EMP-030,Mohit Malhotra,Support,Sales Rep,2025-04-21,111000,4.2
EMP-031,Vihaan Singh,Operations,Data Analyst,2024-12-21,103000,4.8
EMP-032,Manish Mishra,Marketing,Analyst,2024-04-03,72000,5.0
EMP-033,Karan Gupta,Operations,Senior Dev,2026-02-19,134000,4.6
EMP-034,Vihaan Joshi,Engineering,Manager,2025-05-19,116000,4.5
EMP-035,Varun Agarwal,Engineering,Sales Rep,2025-09-24,117000,4.2
EMP-036,Manish Reddy,Marketing,Senior Dev,2026-05-05,95000,3.3
EMP-037,Aisha Agarwal,Finance,Coordinator,2023-09-30,66000,5.0
EMP-038,Meera Patel,Support,Developer,2025-03-31,96000,4.9
EMP-039,Vihaan Patel,Operations,Coordinator,2024-08-08,86000,4.8
EMP-040,Naina Saxena,Sales,Agent,2026-07-12,73000,3.2
EMP-041,Priya Tyagi,Marketing,Developer,2024-10-14,97000,4.6
EMP-042,Neha Mishra,HR,Agent,2027-01-17,78000,3.4
EMP-043,Aarav Sharma,Finance,Coordinator,2026-07-11,51000,3.8
EMP-044,Nikhil Verma,Support,Data Analyst,2023-09-22,87000,4.6
EMP-045,Pooja Mishra,Analytics,Sales Rep,2023-07-30,58000,3.4
EMP-046,Riya Malhotra,Finance,Data Analyst,2027-07-08,103000,3.8
EMP-047,Sai Agarwal,Engineering,Data Analyst,2025-11-14,64000,4.1
EMP-048,Harsh Patel,Operations,Developer,2025-02-03,100000,4.6
EMP-049,Aditya Patel,Support,Senior Dev,2024-12-02,71000,4.4
EMP-050,Isha Saxena,Support,Analyst,2025-08-29,130000,5.0
EMP-051,Ananya Malhotra,Operations,Data Analyst,2027-04-24,53000,3.4
EMP-052,Riya Gupta,Finance,Manager,2027-05-22,96000,4.8
EMP-053,Ananya Saxena,Analytics,Senior Dev,2026-08-19,53000,4.9
EMP-054,Riya Chauhan,Marketing,Data Analyst,2026-10-21,90000,4.7
EMP-055,Yash Gupta,Finance,Manager,2027-06-16,122000,3.9
EMP-056,Karan Verma,Analytics,Senior Dev,2027-01-24,107000,4.5
EMP-057,Akash Reddy,Engineering,Data Analyst,2027-01-13,103000,3.6
EMP-058,Ananya Reddy,Support,Coordinator,2025-09-23,73000,3.7
EMP-059,Sneha Malhotra,Support,Agent,2027-06-21,124000,4.9
EMP-060,Mohit Agarwal,Engineering,Agent,2024-04-23,81000,4.1
EMP-061,Nikhil Verma,Operations,Senior Dev,2026-10-10,55000,3.3
EMP-062,Varun Chauhan,Sales,Sales Rep,2023-12-30,48000,3.8
EMP-063,Pooja Gupta,Support,Data Analyst,2024-11-08,48000,4.7
EMP-064,Krishna Kumar,Sales,Developer,2025-12-26,48000,3.7
EMP-065,Varun Singh,Support,Sales Rep,2025-01-24,53000,5.0
EMP-066,Neha Reddy,Finance,Data Analyst,2025-09-15,99000,4.8
EMP-067,Akash Tyagi,Marketing,Analyst,2026-05-16,90000,3.2
EMP-068,Yash Singh,HR,Analyst,2027-07-22,90000,4.3
EMP-069,Rohan Reddy,Engineering,Sales Rep,2024-05-28,110000,3.6
EMP-070,Meera Chauhan,Marketing,Coordinator,2026-03-07,86000,3.4
EMP-071,Vivaan Reddy,Operations,Developer,2027-03-10,88000,3.1
EMP-072,Harsh Saxena,HR,Analyst,2024-07-13,82000,3.3
EMP-073,Ananya Malhotra,Engineering,Manager,2026-12-30,50000,4.9
EMP-074,Varun Mishra,Finance,Data Analyst,2025-07-12,120000,4.5
EMP-075,Vihaan Gupta,Support,Senior Dev,2025-01-11,62000,4.8
EMP-076,Arjun Sharma,Engineering,Sales Rep,2023-09-17,107000,3.5
EMP-077,Arjun Tyagi,HR,Senior Dev,2026-06-09,108000,5.0
EMP-078,Karan Mishra,Engineering,Analyst,2027-05-31,109000,4.3
EMP-079,Nikhil Sharma,Sales,Analyst,2026-02-22,121000,4.6
EMP-080,Naina Patel,Finance,Agent,2025-08-15,54000,3.4
EMP-081,Priya Chauhan,HR,Manager,2026-05-24,68000,4.4
EMP-082,Yash Joshi,HR,Analyst,2025-03-21,53000,3.3
EMP-083,Rahul Agarwal,HR,Senior Dev,2025-03-06,108000,3.0
EMP-084,Nikhil Tyagi,Analytics,Senior Dev,2026-08-24,102000,3.3
EMP-085,Pooja Reddy,Engineering,Coordinator,2026-08-02,79000,4.3
EMP-086,Yash Tyagi,HR,Senior Dev,2027-04-30,45000,3.4
EMP-087,Vihaan Sharma,Operations,Manager,2026-12-10,80000,4.7
EMP-088,Vihaan Sharma,Analytics,Coordinator,2025-05-02,56000,3.3
EMP-089,Naina Tyagi,HR,Developer,2026-04-21,63000,3.6
EMP-090,Vihaan Joshi,Engineering,Analyst,2025-02-27,47000,4.4
EMP-091,Riya Verma,Operations,Coordinator,2024-08-27,86000,5.0
EMP-092,Akash Chauhan,HR,Sales Rep,2024-06-01,95000,3.4
EMP-093,Pooja Mishra,Finance,Analyst,2025-05-31,128000,4.3
EMP-094,Yash Patel,Sales,Analyst,2027-02-05,77000,4.3
EMP-095,Aarav Patel,Analytics,Senior Dev,2026-05-25,101000,3.4
EMP-096,Vihaan Verma,HR,Agent,2025-12-24,50000,3.2
EMP-097,Sai Reddy,Analytics,Developer,2024-08-29,55000,3.6
EMP-098,Arjun Joshi,Engineering,Sales Rep,2023-07-22,91000,4.3
EMP-099,Isha Kumar,Analytics,Agent,2025-08-06,140000,4.5
EMP-100,Isha Patel,Sales,Agent,2024-08-31,110000,3.2
EMP-101,Meera Yadav,HR,Senior Dev,2027-03-07,71000,4.1
EMP-102,Aisha Mishra,Support,Senior Dev,2024-10-04,82000,4.1
EMP-103,Vivaan Patel,Operations,Data Analyst,2024-03-01,130000,3.9
EMP-104,Akash Saxena,Marketing,Senior Dev,2023-12-14,124000,4.3
EMP-105,Mohit Mishra,Finance,Senior Dev,2027-05-04,105000,5.0
EMP-106,Varun Patel,HR,Analyst,2027-03-06,129000,3.8
EMP-107,Mohit Saxena,Support,Sales Rep,2025-10-04,64000,3.4
EMP-108,Sneha Malhotra,Finance,Agent,2026-07-30,53000,3.5
EMP-109,Sneha Yadav,Engineering,Sales Rep,2023-10-06,69000,4.4
EMP-110,Deepak Patel,HR,Agent,2026-11-03,45000,4.5
EMP-111,Mohit Yadav,HR,Senior Dev,2026-07-04,129000,3.3
EMP-112,Ananya Singh,Sales,Analyst,2023-12-11,63000,4.2
EMP-113,Priya Agarwal,Analytics,Developer,2026-12-27,82000,4.5
EMP-114,Deepak Joshi,Sales,Data Analyst,2026-10-20,118000,4.1
EMP-115,Aditya Sharma,Operations,Analyst,2023-08-02,90000,4.4
EMP-116,Sai Reddy,Marketing,Sales Rep,2027-03-23,116000,4.6
EMP-117,Priya Singh,Operations,Senior Dev,2025-05-21,94000,4.0
EMP-118,Rahul Chauhan,Engineering,Analyst,2024-10-31,128000,3.1
EMP-119,Karan Singh,Sales,Sales Rep,2026-07-15,59000,4.9
EMP-120,Rohan Sharma,Finance,Agent,2025-09-17,89000,3.2
EMP-121,Nikhil Chauhan,Analytics,Data Analyst,2024-01-03,76000,4.7
EMP-122,Simran Verma,Analytics,Manager,2024-10-08,90000,4.3
EMP-123,Aarav Tyagi,Marketing,Sales Rep,2023-08-10,110000,4.6
EMP-124,Vihaan Joshi,Support,Agent,2025-06-10,84000,3.4
EMP-125,Sai Agarwal,Marketing,Agent,2025-02-12,62000,4.3
EMP-126,Akash Verma,Engineering,Data Analyst,2025-03-13,137000,4.0
EMP-127,Krishna Agarwal,Support,Coordinator,2025-08-31,137000,4.1
EMP-128,Naina Gupta,Analytics,Coordinator,2026-11-03,126000,4.5
EMP-129,Rohan Singh,Finance,Sales Rep,2025-04-03,99000,4.0
EMP-130,Priya Kumar,Analytics,Sales Rep,2024-09-07,123000,4.0
EMP-131,Vihaan Singh,Finance,Developer,2025-05-27,80000,4.3
EMP-132,Vihaan Agarwal,Analytics,Agent,2026-03-17,125000,3.6
EMP-133,Pooja Saxena,Marketing,Data Analyst,2024-08-25,97000,4.8
EMP-134,Arjun Saxena,Operations,Coordinator,2024-04-01,107000,4.3
EMP-135,Yash Reddy,Analytics,Developer,2025-04-04,85000,3.9
EMP-136,Sai Patel,Engineering,Developer,2025-02-19,67000,3.9
EMP-137,Vihaan Malhotra,Marketing,Agent,2024-05-13,55000,4.4
EMP-138,Pooja Yadav,Finance,Manager,2024-11-16,119000,4.7
EMP-139,Sneha Tyagi,Finance,Agent,2025-06-29,80000,3.0
EMP-140,Akash Sharma,Support,Manager,2026-08-31,83000,3.7
EMP-141,Naina Chauhan,Support,Developer,2027-02-14,114000,4.5
EMP-142,Aisha Gupta,Support,Sales Rep,2024-01-09,74000,4.6
EMP-143,Rahul Patel,Marketing,Manager,2026-02-21,58000,4.0
EMP-144,Akash Singh,Operations,Analyst,2024-11-17,137000,3.7
EMP-145,Ananya Mishra,Operations,Agent,2024-12-25,121000,4.6
EMP-146,Aisha Reddy,HR,Developer,2023-07-23,101000,3.3
EMP-147,Yash Kumar,Operations,Data Analyst,2025-05-25,69000,3.7
EMP-148,Varun Tyagi,Analytics,Coordinator,2025-07-18,119000,3.7
EMP-149,Krishna Agarwal,Sales,Developer,2024-07-07,85000,3.4
EMP-150,Aditya Saxena,Support,Developer,2027-01-15,115000,4.4
EMP-151,Karan Reddy,Sales,Sales Rep,2024-01-04,73000,3.3
EMP-152,Yash Chauhan,HR,Data Analyst,2025-03-24,102000,4.9
EMP-153,Deepak Agarwal,Support,Developer,2024-08-02,80000,4.1
EMP-154,Meera Yadav,Support,Senior Dev,2027-06-30,85000,3.4
EMP-155,Rahul Yadav,Support,Data Analyst,2026-10-20,133000,3.7
EMP-156,Manish Tyagi,Operations,Senior Dev,2024-08-17,82000,3.9
EMP-157,Nikhil Yadav,Engineering,Data Analyst,2027-07-07,58000,4.9
EMP-158,Aarav Gupta,Engineering,Analyst,2026-12-31,132000,4.7
EMP-159,Aisha Saxena,Engineering,Senior Dev,2026-04-02,53000,3.4
EMP-160,Yash Patel,Sales,Developer,2024-06-30,46000,4.0
EMP-161,Ananya Mishra,Sales,Data Analyst,2026-02-05,46000,4.5
EMP-162,Aditya Mishra,Operations,Data Analyst,2027-07-27,125000,4.0
EMP-163,Aisha Malhotra,HR,Manager,2026-07-29,46000,3.3
EMP-164,Harsh Gupta,Support,Developer,2025-09-13,71000,3.3
EMP-165,Nikhil Verma,Support,Agent,2023-08-02,85000,5.0
EMP-166,Deepak Mishra,Analytics,Developer,2027-06-15,64000,4.7
EMP-167,Krishna Reddy,Operations,Analyst,2026-07-22,115000,4.3
EMP-168,Vivaan Reddy,Sales,Coordinator,2024-09-07,106000,3.4
EMP-169,Manish Kumar,Analytics,Data Analyst,2023-12-19,92000,4.8
EMP-170,Mohit Chauhan,Finance,Manager,2025-07-20,75000,3.2
EMP-171,Deepak Verma,Support,Coordinator,2027-03-14,45000,4.3
EMP-172,Yash Malhotra,Finance,Data Analyst,2025-09-21,70000,3.4
EMP-173,Mohit Gupta,Analytics,Senior Dev,2027-07-27,53000,3.9
EMP-174,Pooja Malhotra,Finance,Coordinator,2026-10-20,95000,3.4
EMP-175,Isha Patel,Analytics,Data Analyst,2025-09-04,58000,3.8
EMP-176,Nikhil Malhotra,Analytics,Manager,2023-10-13,54000,3.8
EMP-177,Neha Mishra,Support,Senior Dev,2025-08-20,48000,3.0
EMP-178,Harsh Sharma,Operations,Coordinator,2026-01-12,97000,4.8
EMP-179,Rohan Tyagi,Marketing,Manager,2025-10-28,101000,3.7
EMP-180,Akash Mishra,Engineering,Developer,2026-04-26,45000,4.6
EMP-181,Isha Agarwal,Sales,Manager,2026-03-20,50000,4.9
EMP-182,Vihaan Verma,Engineering,Sales Rep,2025-05-27,137000,4.8
EMP-183,Varun Singh,Analytics,Sales Rep,2023-08-05,56000,3.4
EMP-184,Manish Kumar,Marketing,Analyst,2023-07-11,85000,4.5
EMP-185,Deepak Joshi,Sales,Analyst,2026-09-28,97000,4.4
EMP-186,Vihaan Chauhan,Marketing,Developer,2026-07-24,77000,3.5
EMP-187,Varun Kumar,Marketing,Analyst,2026-07-03,120000,4.3
EMP-188,Krishna Patel,Sales,Manager,2023-07-29,87000,4.1
EMP-189,Arjun Patel,Operations,Agent,2025-06-12,57000,4.9
EMP-190,Akash Tyagi,Marketing,Coordinator,2025-03-29,106000,3.8
EMP-191,Ananya Joshi,Sales,Sales Rep,2024-04-14,126000,4.4
EMP-192,Krishna Agarwal,Operations,Analyst,2023-11-24,90000,3.1
EMP-193,Rohan Gupta,Support,Sales Rep,2023-07-02,91000,4.9
EMP-194,Harsh Saxena,Marketing,Agent,2024-09-06,91000,3.6
EMP-195,Pooja Malhotra,Marketing,Data Analyst,2025-12-29,128000,4.4
EMP-196,Isha Kumar,Finance,Coordinator,2026-02-19,110000,3.4
EMP-197,Naina Gupta,Support,Sales Rep,2024-09-01,128000,3.6
EMP-198,Harsh Chauhan,Operations,Senior Dev,2023-09-14,106000,4.3
EMP-199,Neha Malhotra,Marketing,Manager,2023-12-17,84000,3.7
EMP-200,Naina Malhotra,Engineering,Agent,2026-06-27,139000,3.0
EMP-201,Arjun Mishra,Finance,Data Analyst,2027-02-22,107000,3.8
EMP-202,Sneha Patel,Support,Sales Rep,2026-09-28,86000,4.9
EMP-203,Riya Verma,Engineering,Senior Dev,2023-12-17,122000,3.7
EMP-204,Akash Singh,Marketing,Manager,2027-05-24,78000,4.2
EMP-205,Riya Verma,HR,Agent,2023-08-20,89000,4.4
EMP-206,Sneha Sharma,Operations,Manager,2023-08-24,81000,4.4
EMP-207,Varun Saxena,Finance,Data Analyst,2026-10-13,129000,3.1
EMP-208,Nikhil Yadav,Finance,Analyst,2023-12-01,59000,3.9
EMP-209,Aisha Saxena,Analytics,Sales Rep,2025-04-25,103000,3.1
EMP-210,Aarav Malhotra,Finance,Coordinator,2024-06-19,109000,4.8
EMP-211,Vivaan Saxena,Marketing,Agent,2025-10-20,113000,3.6
EMP-212,Riya Kumar,Support,Analyst,2027-02-12,55000,4.3
EMP-213,Sai Sharma,Sales,Senior Dev,2024-10-08,71000,3.5
EMP-214,Vihaan Reddy,HR,Sales Rep,2024-02-16,110000,3.2
EMP-215,Priya Sharma,HR,Sales Rep,2024-06-03,99000,5.0
EMP-216,Aarav Saxena,Engineering,Sales Rep,2026-05-17,63000,3.4
EMP-217,Harsh Tyagi,Operations,Sales Rep,2027-03-15,76000,3.6
EMP-218,Sneha Kumar,Analytics,Developer,2026-06-25,89000,3.6
EMP-219,Simran Gupta,Operations,Agent,2026-11-13,114000,3.3
EMP-220,Harsh Yadav,Support,Coordinator,2027-05-14,112000,3.8
EMP-221,Meera Tyagi,Operations,Developer,2027-05-30,47000,4.4
EMP-222,Meera Agarwal,Engineering,Coordinator,2026-07-04,100000,4.9
EMP-223,Aarav Singh,Operations,Data Analyst,2023-08-03,124000,3.3
EMP-224,Akash Patel,HR,Analyst,2025-12-01,45000,4.8
EMP-225,Aisha Singh,Sales,Sales Rep,2027-07-16,113000,4.0
EMP-226,Vihaan Malhotra,Engineering,Developer,2024-02-18,82000,3.7
EMP-227,Krishna Patel,Operations,Sales Rep,2025-03-29,67000,4.0
EMP-228,Priya Gupta,Finance,Manager,2025-07-31,53000,4.6
EMP-229,Aisha Malhotra,Analytics,Analyst,2024-11-25,65000,3.1
EMP-230,Sai Gupta,Support,Data Analyst,2025-02-05,67000,5.0
EMP-231,Vivaan Tyagi,Analytics,Developer,2026-06-10,95000,3.5
EMP-232,Yash Malhotra,Engineering,Developer,2024-01-27,123000,4.5
EMP-233,Pooja Reddy,HR,Analyst,2026-02-11,132000,4.1
EMP-234,Vihaan Tyagi,Support,Data Analyst,2026-06-28,114000,4.9
EMP-235,Rahul Tyagi,HR,Developer,2025-04-03,67000,3.5
EMP-236,Aditya Tyagi,Finance,Sales Rep,2025-04-06,47000,4.1
EMP-237,Karan Yadav,Marketing,Senior Dev,2027-05-05,92000,4.2
EMP-238,Riya Saxena,Engineering,Senior Dev,2025-09-09,57000,4.2
EMP-239,Varun Chauhan,Engineering,Analyst,2027-03-07,46000,3.2
EMP-240,Pooja Chauhan,Analytics,Agent,2024-09-04,73000,4.4
EMP-241,Neha Chauhan,Engineering,Data Analyst,2023-08-03,65000,4.1
EMP-242,Kavya Saxena,Finance,Coordinator,2024-10-05,82000,4.3
EMP-243,Simran Joshi,HR,Sales Rep,2027-01-09,70000,3.5
EMP-244,Naina Sharma,Marketing,Manager,2026-06-05,102000,4.6
EMP-245,Sneha Singh,Marketing,Coordinator,2027-05-24,76000,3.9
EMP-246,Riya Patel,Operations,Senior Dev,2027-08-07,107000,3.7
EMP-247,Priya Reddy,Engineering,Senior Dev,2025-10-14,115000,4.1
EMP-248,Akash Sharma,Analytics,Senior Dev,2024-10-21,72000,3.5
EMP-249,Nikhil Patel,Sales,Manager,2023-12-05,110000,3.6
EMP-250,Pooja Kumar,Analytics,Coordinator,2027-07-16,133000,3.3
EMP-251,Neha Gupta,HR,Manager,2024-02-28,81000,3.4
EMP-252,Priya Tyagi,Operations,Analyst,2023-12-16,90000,3.6
EMP-253,Aditya Tyagi,Operations,Developer,2025-01-14,110000,4.6
EMP-254,Mohit Verma,Support,Coordinator,2025-03-27,90000,4.7
EMP-255,Deepak Yadav,Sales,Data Analyst,2026-08-26,112000,3.2
EMP-256,Pooja Saxena,Support,Agent,2025-09-25,60000,3.8
EMP-257,Simran Sharma,Operations,Analyst,2024-06-15,133000,3.3
EMP-258,Vihaan Sharma,Sales,Analyst,2027-07-16,93000,3.2
EMP-259,Simran Gupta,Support,Developer,2023-08-25,48000,4.5
EMP-260,Vihaan Patel,Sales,Sales Rep,2024-06-27,58000,4.8
EMP-261,Sneha Sharma,Marketing,Developer,2025-08-12,111000,3.3
EMP-262,Rohan Tyagi,Marketing,Coordinator,2023-08-13,100000,4.9
EMP-263,Karan Verma,Finance,Developer,2027-05-23,124000,4.5
EMP-264,Yash Singh,Sales,Analyst,2025-08-04,57000,5.0
EMP-265,Ananya Gupta,Operations,Developer,2027-02-03,58000,4.5
EMP-266,Arjun Joshi,Operations,Agent,2023-10-12,136000,4.1
EMP-267,Isha Malhotra,Marketing,Manager,2026-05-10,63000,4.0
EMP-268,Simran Gupta,Analytics,Data Analyst,2025-03-08,58000,3.5
EMP-269,Rahul Saxena,Operations,Sales Rep,2023-09-28,109000,4.3
EMP-270,Arjun Agarwal,Engineering,Agent,2024-09-28,104000,4.5
EMP-271,Manish Mishra,Operations,Analyst,2027-01-16,65000,4.7
EMP-272,Simran Mishra,Analytics,Coordinator,2025-04-01,101000,3.2
EMP-273,Priya Yadav,HR,Developer,2023-09-15,118000,3.2
EMP-274,Mohit Sharma,Operations,Developer,2027-01-03,58000,3.3
EMP-275,Simran Singh,Operations,Analyst,2025-11-25,133000,3.0
EMP-276,Priya Tyagi,Sales,Sales Rep,2026-02-15,87000,3.5
EMP-277,Sai Patel,Support,Senior Dev,2024-03-01,54000,3.0
EMP-278,Harsh Gupta,Finance,Sales Rep,2024-02-06,76000,4.1
EMP-279,Pooja Tyagi,HR,Data Analyst,2025-01-10,129000,4.6
EMP-280,Naina Mishra,Engineering,Agent,2025-04-06,98000,5.0
EMP-281,Riya Singh,Finance,Analyst,2027-07-13,134000,3.2
EMP-282,Krishna Agarwal,HR,Manager,2024-12-03,82000,3.6
EMP-283,Harsh Chauhan,HR,Agent,2026-08-29,64000,3.4
EMP-284,Simran Agarwal,Analytics,Developer,2023-11-03,68000,4.0
EMP-285,Yash Singh,Sales,Developer,2025-08-19,71000,4.5
EMP-286,Aarav Kumar,Operations,Analyst,2024-01-01,134000,3.8
EMP-287,Sai Yadav,Finance,Coordinator,2025-01-04,116000,3.3
EMP-288,Manish Patel,Support,Senior Dev,2026-01-26,94000,3.6
EMP-289,Ananya Agarwal,Marketing,Manager,2023-11-03,106000,4.1
EMP-290,Meera Sharma,Engineering,Agent,2027-01-29,104000,4.2
EMP-291,Vihaan Gupta,Analytics,Analyst,2024-09-29,130000,4.5
EMP-292,Vihaan Patel,Support,Manager,2027-05-26,131000,4.8
EMP-293,Mohit Verma,HR,Senior Dev,2025-05-21,96000,3.0
EMP-294,Krishna Chauhan,Engineering,Analyst,2026-12-10,72000,3.6
EMP-295,Aarav Joshi,Sales,Senior Dev,2023-08-05,108000,4.7
EMP-296,Sai Mishra,Engineering,Coordinator,2024-01-01,126000,4.7
EMP-297,Riya Saxena,Sales,Sales Rep,2027-07-08,130000,3.3
EMP-298,Akash Mishra,Analytics,Agent,2026-06-04,89000,4.7
EMP-299,Sneha Singh,Sales,Senior Dev,2025-01-09,64000,3.6
EMP-300,Yash Kumar,Sales,Agent,2024-05-31,119000,5.0
EMP-301,Aditya Sharma,Support,Manager,2026-09-30,46000,3.8
EMP-302,Rohan Gupta,Finance,Data Analyst,2025-04-26,68000,3.1
EMP-303,Mohit Yadav,Sales,Senior Dev,2025-10-05,61000,3.9
EMP-304,Manish Chauhan,Operations,Sales Rep,2023-10-17,70000,3.3
EMP-305,Deepak Saxena,HR,Manager,2024-03-01,123000,3.2
EMP-306,Rohan Saxena,HR,Agent,2024-12-03,88000,4.6
EMP-307,Aarav Reddy,Support,Manager,2027-05-31,111000,4.2
EMP-308,Neha Malhotra,Marketing,Agent,2025-01-19,53000,4.2
EMP-309,Krishna Patel,Sales,Senior Dev,2025-05-06,51000,5.0
EMP-310,Rohan Tyagi,HR,Manager,2026-10-20,128000,4.7
EMP-311,Ananya Singh,Analytics,Analyst,2023-11-30,139000,4.0
EMP-312,Sneha Gupta,HR,Analyst,2027-01-16,79000,4.1
EMP-313,Sneha Verma,Analytics,Senior Dev,2026-10-05,67000,4.2
EMP-314,Pooja Saxena,Operations,Manager,2025-02-10,136000,4.5
EMP-315,Meera Gupta,Finance,Manager,2024-12-23,139000,4.6
EMP-316,Aarav Kumar,Analytics,Coordinator,2027-07-02,122000,4.9
EMP-317,Aarav Malhotra,Marketing,Coordinator,2025-02-24,76000,3.8
EMP-318,Priya Mishra,Engineering,Agent,2027-07-19,120000,4.4
EMP-319,Kavya Saxena,Operations,Developer,2023-09-30,104000,4.8
EMP-320,Meera Singh,Engineering,Manager,2024-09-22,119000,4.8
EMP-321,Vihaan Joshi,Sales,Developer,2023-11-10,52000,3.6
EMP-322,Meera Malhotra,Sales,Sales Rep,2025-01-23,66000,4.6
EMP-323,Rohan Patel,Sales,Sales Rep,2026-11-14,81000,4.7
EMP-324,Vihaan Sharma,Sales,Data Analyst,2027-05-10,83000,3.7
EMP-325,Aditya Saxena,Finance,Senior Dev,2024-10-12,54000,4.4
EMP-326,Meera Yadav,Sales,Sales Rep,2026-06-29,69000,3.9
EMP-327,Ananya Gupta,Operations,Developer,2025-02-07,77000,4.9
EMP-328,Neha Reddy,Engineering,Agent,2025-06-17,77000,4.3
EMP-329,Kavya Malhotra,Sales,Agent,2025-08-22,75000,4.6
EMP-330,Naina Mishra,Sales,Coordinator,2025-04-16,118000,4.0
EMP-331,Aisha Kumar,HR,Agent,2026-02-11,83000,4.2
EMP-332,Krishna Gupta,Analytics,Developer,2027-01-12,61000,3.4
EMP-333,Vivaan Reddy,Marketing,Agent,2026-07-26,119000,3.6
EMP-334,Aarav Patel,Engineering,Analyst,2027-01-08,56000,3.6
EMP-335,Vivaan Chauhan,Engineering,Analyst,2026-08-15,105000,4.0
EMP-336,Aisha Kumar,HR,Data Analyst,2026-11-07,76000,3.4
EMP-337,Vihaan Yadav,Finance,Manager,2024-11-16,61000,4.4
EMP-338,Kavya Saxena,HR,Senior Dev,2024-03-08,112000,3.3
EMP-339,Vihaan Kumar,Operations,Developer,2024-05-12,100000,4.5
EMP-340,Deepak Saxena,Engineering,Developer,2023-07-16,80000,4.8
EMP-341,Priya Tyagi,Analytics,Developer,2024-04-01,133000,3.3
EMP-342,Ananya Kumar,Support,Sales Rep,2023-10-10,80000,3.9
EMP-343,Rohan Reddy,Engineering,Sales Rep,2024-08-17,65000,4.8
EMP-344,Vihaan Gupta,Engineering,Coordinator,2025-04-17,136000,4.8
EMP-345,Pooja Patel,Engineering,Senior Dev,2027-05-28,129000,3.3
EMP-346,Harsh Yadav,Marketing,Senior Dev,2025-10-11,61000,3.1
EMP-347,Sai Joshi,Analytics,Coordinator,2025-11-20,87000,4.7
EMP-348,Meera Kumar,Finance,Agent,2025-07-28,126000,3.5
EMP-349,Vihaan Reddy,Support,Developer,2026-06-21,127000,3.2
EMP-350,Nikhil Malhotra,HR,Data Analyst,2025-04-11,139000,4.3
EMP-351,Simran Yadav,Analytics,Sales Rep,2027-06-17,140000,3.6
EMP-352,Yash Agarwal,Sales,Sales Rep,2025-12-16,86000,3.7
EMP-353,Simran Gupta,Finance,Senior Dev,2024-01-06,110000,4.3
EMP-354,Aisha Chauhan,HR,Manager,2023-11-10,131000,4.0
EMP-355,Krishna Yadav,Finance,Developer,2025-10-22,79000,4.7
EMP-356,Kavya Saxena,Operations,Manager,2026-04-10,79000,3.6
EMP-357,Deepak Sharma,Marketing,Coordinator,2025-05-18,122000,3.3
EMP-358,Manish Joshi,Analytics,Data Analyst,2027-02-10,84000,3.1
EMP-359,Priya Chauhan,HR,Analyst,2025-03-21,98000,4.1
EMP-360,Riya Kumar,HR,Developer,2026-05-11,59000,4.6
EMP-361,Mohit Joshi,Support,Coordinator,2025-07-20,139000,3.1
EMP-362,Riya Verma,Engineering,Coordinator,2027-06-29,98000,4.2
EMP-363,Aarav Kumar,Sales,Developer,2023-08-21,90000,4.4
EMP-364,Vihaan Tyagi,Engineering,Developer,2026-10-28,75000,3.4
EMP-365,Isha Mishra,HR,Manager,2024-10-20,103000,3.6
EMP-366,Varun Patel,Marketing,Senior Dev,2024-12-03,85000,4.2
EMP-367,Rahul Tyagi,Support,Developer,2026-11-23,133000,4.9
EMP-368,Rohan Tyagi,Sales,Agent,2024-04-18,137000,3.2
EMP-369,Aditya Verma,Marketing,Coordinator,2025-01-23,83000,3.4
EMP-370,Aarav Yadav,Analytics,Sales Rep,2027-04-10,138000,4.6
EMP-371,Manish Mishra,Marketing,Data Analyst,2027-03-17,74000,3.9
EMP-372,Mohit Agarwal,Sales,Coordinator,2023-11-04,58000,4.0
EMP-373,Manish Reddy,Operations,Agent,2027-04-22,120000,4.8
EMP-374,Kavya Agarwal,Marketing,Analyst,2024-08-31,106000,3.7
EMP-375,Aarav Singh,HR,Manager,2024-02-08,64000,4.6
EMP-376,Neha Gupta,Finance,Coordinator,2026-10-01,126000,3.4
EMP-377,Meera Agarwal,Support,Coordinator,2027-06-18,117000,4.5
EMP-378,Vivaan Singh,HR,Senior Dev,2024-03-16,104000,4.0
EMP-379,Sai Malhotra,Operations,Analyst,2023-08-15,140000,4.7
EMP-380,Akash Tyagi,Sales,Senior Dev,2025-03-03,126000,4.5
EMP-381,Neha Reddy,HR,Agent,2025-07-23,88000,3.3
EMP-382,Riya Mishra,Sales,Senior Dev,2027-03-11,85000,3.6
EMP-383,Neha Verma,Marketing,Coordinator,2027-07-06,100000,4.8
EMP-384,Pooja Verma,Finance,Coordinator,2023-08-05,75000,3.7
EMP-385,Rohan Yadav,Finance,Manager,2025-06-05,47000,3.8
EMP-386,Harsh Tyagi,Support,Manager,2025-01-30,113000,3.8
EMP-387,Neha Agarwal,Engineering,Coordinator,2026-05-15,105000,3.5
EMP-388,Akash Chauhan,Operations,Manager,2024-11-21,81000,3.3
EMP-389,Arjun Yadav,Analytics,Analyst,2026-12-16,124000,3.3
EMP-390,Naina Saxena,Operations,Agent,2025-01-10,73000,3.6
EMP-391,Pooja Kumar,Marketing,Agent,2027-01-12,49000,3.6
EMP-392,Deepak Sharma,Operations,Coordinator,2026-08-29,113000,4.5
EMP-393,Pooja Singh,Support,Data Analyst,2026-06-28,127000,4.1
EMP-394,Aditya Reddy,Finance,Analyst,2026-12-17,64000,4.7
EMP-395,Aarav Patel,Engineering,Analyst,2024-07-31,90000,3.1
EMP-396,Yash Yadav,Support,Senior Dev,2026-03-21,92000,4.0
EMP-397,Sai Tyagi,HR,Senior Dev,2023-08-30,59000,3.7
EMP-398,Arjun Malhotra,Analytics,Developer,2025-07-22,102000,4.7
EMP-399,Kavya Reddy,Analytics,Analyst,2026-12-29,79000,4.9
EMP-400,Rahul Yadav,Marketing,Manager,2024-10-01,70000,3.8
EMP-401,Vivaan Joshi,HR,Analyst,2025-01-31,50000,3.3
EMP-402,Pooja Singh,Sales,Agent,2025-12-16,80000,4.6
EMP-403,Akash Sharma,HR,Coordinator,2023-11-16,139000,3.7
EMP-404,Mohit Saxena,HR,Developer,2025-06-15,127000,3.2
EMP-405,Riya Chauhan,Sales,Analyst,2024-09-16,61000,3.1
EMP-406,Rahul Mishra,Analytics,Developer,2027-01-29,131000,3.2
EMP-407,Aditya Yadav,Finance,Sales Rep,2023-08-20,54000,4.8
EMP-408,Priya Patel,Finance,Developer,2025-03-23,110000,4.2
EMP-409,Sneha Gupta,Finance,Agent,2024-04-05,133000,4.8
EMP-410,Arjun Verma,Finance,Sales Rep,2027-07-16,58000,3.8
EMP-411,Mohit Reddy,Engineering,Analyst,2025-11-28,86000,4.6
EMP-412,Nikhil Patel,Marketing,Developer,2025-11-19,106000,3.7
EMP-413,Krishna Malhotra,Operations,Manager,2026-03-20,81000,3.8
EMP-414,Yash Singh,Engineering,Sales Rep,2024-03-24,74000,3.6
EMP-415,Aisha Agarwal,Support,Senior Dev,2027-03-22,111000,4.6
EMP-416,Isha Agarwal,HR,Agent,2025-09-24,127000,3.2
EMP-417,Rahul Tyagi,HR,Data Analyst,2026-04-01,77000,3.6
EMP-418,Riya Tyagi,Operations,Agent,2024-07-26,92000,4.2
EMP-419,Kavya Agarwal,Marketing,Agent,2025-01-18,120000,4.8
EMP-420,Sai Tyagi,Analytics,Developer,2027-05-22,135000,3.6
EMP-421,Rohan Yadav,Sales,Developer,2023-09-28,53000,4.0
EMP-422,Kavya Agarwal,Sales,Senior Dev,2024-08-25,121000,4.4
EMP-423,Neha Tyagi,Operations,Data Analyst,2025-01-07,134000,4.8
EMP-424,Meera Mishra,HR,Analyst,2025-01-31,106000,3.7
EMP-425,Harsh Patel,HR,Agent,2027-03-23,100000,3.7
EMP-426,Deepak Tyagi,Engineering,Developer,2024-03-06,137000,3.5
EMP-427,Varun Verma,HR,Data Analyst,2023-07-22,90000,5.0
EMP-428,Nikhil Saxena,Finance,Data Analyst,2027-02-05,93000,3.2
EMP-429,Krishna Agarwal,Sales,Data Analyst,2024-07-23,135000,4.5
EMP-430,Kavya Yadav,Marketing,Agent,2024-11-24,62000,4.8
EMP-431,Nikhil Patel,Engineering,Manager,2026-01-01,89000,3.2
EMP-432,Isha Singh,Marketing,Senior Dev,2027-03-28,128000,3.7
EMP-433,Aditya Chauhan,Operations,Senior Dev,2027-03-24,66000,4.9
EMP-434,Varun Sharma,HR,Sales Rep,2026-02-08,58000,3.5
EMP-435,Aisha Yadav,Finance,Sales Rep,2026-05-16,131000,3.5
EMP-436,Sai Patel,Finance,Coordinator,2024-05-28,75000,4.3
EMP-437,Aditya Singh,HR,Sales Rep,2024-01-15,81000,3.8
EMP-438,Rahul Agarwal,Finance,Data Analyst,2026-04-30,60000,3.5
EMP-439,Aditya Mishra,Operations,Agent,2025-11-04,51000,4.1
EMP-440,Manish Tyagi,Analytics,Analyst,2025-10-08,104000,4.6
EMP-441,Neha Saxena,Finance,Manager,2026-11-27,134000,3.4
EMP-442,Sneha Agarwal,Support,Analyst,2024-09-06,48000,4.1
EMP-443,Sneha Malhotra,Sales,Sales Rep,2025-07-12,102000,4.1
EMP-444,Akash Yadav,Engineering,Manager,2025-05-03,121000,3.3
EMP-445,Vihaan Malhotra,Operations,Agent,2026-10-21,119000,5.0
EMP-446,Nikhil Gupta,Operations,Manager,2026-11-10,51000,3.5
EMP-447,Vihaan Patel,Marketing,Senior Dev,2026-04-06,101000,3.5
EMP-448,Meera Patel,Operations,Coordinator,2026-03-26,140000,4.9
EMP-449,Varun Yadav,HR,Manager,2024-07-01,63000,4.8
EMP-450,Rohan Saxena,HR,Developer,2024-03-17,109000,4.4
EMP-451,Harsh Verma,Analytics,Analyst,2024-12-07,90000,3.8
EMP-452,Isha Kumar,Analytics,Manager,2026-01-03,64000,4.7
EMP-453,Riya Chauhan,HR,Data Analyst,2025-04-19,102000,3.5
EMP-454,Akash Verma,Engineering,Analyst,2023-11-11,120000,4.7
EMP-455,Mohit Joshi,Engineering,Coordinator,2024-10-22,88000,4.1
EMP-456,Pooja Kumar,Finance,Agent,2026-07-11,131000,3.2
EMP-457,Mohit Tyagi,HR,Data Analyst,2025-06-29,50000,4.2
EMP-458,Aisha Saxena,HR,Analyst,2024-02-07,86000,3.2
EMP-459,Meera Saxena,Operations,Sales Rep,2025-05-13,51000,3.1
EMP-460,Sai Tyagi,Operations,Senior Dev,2023-08-09,46000,4.2
EMP-461,Sai Agarwal,Engineering,Coordinator,2023-09-17,52000,4.8
EMP-462,Akash Tyagi,Support,Senior Dev,2023-12-04,83000,4.5
EMP-463,Priya Tyagi,HR,Analyst,2027-05-20,64000,4.4
EMP-464,Isha Patel,Analytics,Analyst,2027-02-02,60000,4.7
EMP-465,Kavya Patel,Finance,Manager,2025-07-26,103000,4.0
EMP-466,Nikhil Reddy,Finance,Analyst,2024-08-04,96000,4.4
EMP-467,Ananya Tyagi,Finance,Sales Rep,2026-06-03,118000,3.8
EMP-468,Vivaan Chauhan,Engineering,Data Analyst,2026-04-09,129000,3.0
EMP-469,Mohit Saxena,Engineering,Sales Rep,2026-05-01,74000,4.3
EMP-470,Pooja Agarwal,Support,Senior Dev,2025-01-03,82000,3.6
EMP-471,Aditya Saxena,Analytics,Developer,2026-03-22,97000,4.9
EMP-472,Aisha Verma,Finance,Sales Rep,2026-12-31,84000,3.0
EMP-473,Deepak Saxena,Sales,Agent,2024-08-06,121000,4.2
EMP-474,Sai Mishra,Engineering,Developer,2023-11-15,120000,4.0
EMP-475,Karan Tyagi,HR,Data Analyst,2023-07-07,95000,3.6
EMP-476,Simran Sharma,Finance,Senior Dev,2026-05-19,64000,3.7
EMP-477,Yash Patel,Analytics,Senior Dev,2026-01-08,102000,4.6
EMP-478,Krishna Kumar,Engineering,Sales Rep,2025-10-02,76000,3.4
EMP-479,Simran Joshi,Engineering,Data Analyst,2025-08-23,93000,4.7
EMP-480,Varun Mishra,Engineering,Analyst,2027-02-06,127000,4.2
EMP-481,Sai Tyagi,HR,Agent,2025-10-01,130000,4.8
EMP-482,Simran Saxena,Engineering,Agent,2025-04-28,91000,4.1
EMP-483,Karan Patel,HR,Sales Rep,2024-09-17,93000,4.3
EMP-484,Aisha Tyagi,Sales,Sales Rep,2025-11-11,87000,4.0
EMP-485,Naina Joshi,HR,Agent,2025-05-01,88000,3.1
EMP-486,Rohan Saxena,Operations,Coordinator,2025-07-17,87000,3.1
EMP-487,Nikhil Gupta,Operations,Analyst,2026-12-03,127000,4.4
EMP-488,Aarav Kumar,Marketing,Sales Rep,2027-07-04,132000,4.1
EMP-489,Deepak Patel,Operations,Manager,2025-12-02,124000,3.0
EMP-490,Rahul Sharma,Finance,Senior Dev,2025-10-21,67000,4.6
EMP-491,Isha Gupta,Marketing,Sales Rep,2023-07-26,71000,4.8
EMP-492,Yash Agarwal,Finance,Senior Dev,2027-01-22,79000,3.1
EMP-493,Kavya Tyagi,Engineering,Senior Dev,2025-06-16,63000,4.7
EMP-494,Harsh Sharma,Analytics,Sales Rep,2024-10-26,99000,3.7
EMP-495,Nikhil Chauhan,Engineering,Analyst,2027-04-01,93000,3.8
EMP-496,Sneha Singh,Operations,Senior Dev,2026-10-27,64000,3.9
EMP-497,Isha Reddy,Support,Manager,2024-07-14,62000,3.5
EMP-498,Nikhil Tyagi,Marketing,Data Analyst,2026-09-09,132000,5.0
EMP-499,Isha Singh,Support,Analyst,2025-01-23,54000,3.5
EMP-500,Arjun Sharma,HR,Coordinator,2026-06-22,100000,4.0
EMP-501,Sai Patel,Finance,Sales Rep,2024-04-16,125000,3.1
EMP-502,Rahul Saxena,Analytics,Developer,2024-10-13,87000,4.6
EMP-503,Aarav Chauhan,Sales,Senior Dev,2024-06-12,64000,3.6
EMP-504,Simran Saxena,Engineering,Developer,2023-09-26,132000,4.9
EMP-505,Akash Yadav,Sales,Manager,2025-06-07,117000,3.4
EMP-506,Nikhil Verma,Operations,Sales Rep,2026-05-09,127000,4.0
EMP-507,Isha Verma,Marketing,Senior Dev,2026-07-08,139000,4.2
EMP-508,Neha Singh,Finance,Agent,2024-08-25,116000,3.8
EMP-509,Nikhil Chauhan,HR,Coordinator,2026-03-23,119000,4.0
EMP-510,Karan Saxena,Sales,Senior Dev,2026-08-07,135000,3.3
